epoch,train_loss,val_loss,val_cer,val_wer,val_batches
1,4.430103872951708,3.8259268357203555,1.0,1.0,13
2,3.5944469727967916,3.756159103833712,1.0,1.0,13
3,3.560353291662116,3.7005869975456824,1.0,1.0,13
