epoch,train_loss,val_loss,val_cer,val_wer,val_batches
1,3.4059349622158024,3.0354519319191255,0.8261676960962415,0.9841947392708814,139
2,2.5533173966486724,2.4022859798060905,0.5975233135521376,0.9638901707429626,139
3,1.755742106808732,1.905039295018148,0.48503290137660976,0.8735002307337333,139
4,1.2964785216462533,1.5899881488985295,0.4044043437891082,0.7937240424550069,139
5,1.0386776377428446,1.4413551979785344,0.37667029994751927,0.7552491924319336,139
